971	Smart casting better then normal casting?
974	Skyrim won't let me use the dragon souls I have to unlock shouts
1076	why is my minecraft open to LAN not working 1.5.2
1091	True vault huntermode?
1094	How is the IP reward calculated?
1215	What are the requirements for valid housing in Terraria 1.2
1235	Does the Keywarden in Act 4 randomly drop keys?
1255	What use are Chocolate Bars
1264	How do you get the purple shark fin?
1349	Follower Missing in Skyrim
1373	XRay Mod for Minecraft 1.7.4and Installing Mods
1423	Mega ring problem in Pokemon X
1538	What does installing games through discs do to my xbox 360
1543	Can you become a werewolf vampire hybrid the second time you are trying to be werewolf?
1544	how to break blocks in MInecraft
1587	Mod installation
138	Starting in World of Warcraft
159	How can I tell how long (more or less) it will take me to complete a game?
167	mobs keeps spawning in my house
216	What do those abbreviations mean in League of Legends?
237	How do I ward properly in League of Legends?
253	Is it possible to maximize all the skills and gain all the perks?
2	How can I record demos of my gameplay?
356	Can I backup and restore my Skyrim saves if I plan on installing a new OS?
400	Getting rid of 1000 plus bounty
412	Is it safe to use the Abandoned Shack for storage?
438	im in single player minecraft and im lost
467	Can I manually trigger a "scenic" sneak attack?
594	Disadvantages of taking follower with you
652	What does 1 intellect translate to damage for a wizard?
699	Explanation for Attack speed with dual items in Diablo 3
704	Do I need to own Diablo III to download and install the game?
855	Help with item stats!
